4.41749171843811,1.41784485638447,1.27959672622799,1.28701097854522,1.60776021653077,1.73268663128645,1.2862649103313,1.94468907487648,1.61925394682356,2.16419313959455,2.39433487971693,2.17889430567743,2.0608657480548,1.75407228117148,2.21346384442178,2.13634086754417,2.32212065963241,2.34187063660565,2.32961066926371,2.05925032211516,1.73098054631001,1.92706268215058,2.23673386291952,1.78217475795839,2.06117047393622,1.87106286265817,2.10011607911144,2.31977132967816,2.18019603124401,2.29972519543876,2.31162404300718,2.27360204122329,2.31991423731072,2.20696091511978,1.66261000667889,1.61641386244686,1.6252962103698,1.94819735114317,2.16401248922561,2.29334918754015,1.93639727066157,1.75460270207883,1.31242600257163,1.52729865573352,1.10894021206808,0.920384771697589,0.949946250476464,0.793003961690286,0.0435662331490075,-0.380590210383473
0.952177225506512,0.65694913426677,0.294287472860874,0.548429333770451,0.799977800877737,0.487817070913611,0.632811522599771,0.800134773014877,1.2605334571845,1.06329746014994,1.0952469330683,0.63874439370346,0.820599448930106,1.08304942054982,1.22482790933334,1.03307014905822,1.14271194649104,1.27829543591794,1.08456176799778,1.03926226923383,0.454351275815908,0.100388742562362,0.577119841314628,0.420975459192025,0.751521257160627,0.818839781997043,0.800170927934924,1.01674734581927,0.765346991411498,1.25527685121349,1.0246465816129,1.25674853348275,1.45623174200062,1.50357115709047,0.660834126833484,0.51131562166163,0.931404776104892,0.960153910788888,0.82028995104013,1.03410406430048,0.959841408469281,1.05533135005742,0.851739437794838,0.77922555336221,0.553492291091719,0.746736270318127,0.343372660709605,0.56633705988711,-0.228909422144032,-0.375199208341586
0.879935294822244,0.574017441082971,0.194212301398456,0.567981207112585,0.445190172862591,0.36866490844901,0.872554952548571,1.15706421851501,1.38569041886012,1.3126441418493,1.43049607026928,1.07643813459,1.15620047721017,1.26505370132934,1.17486632717427,1.25036681318368,1.21638368019455,1.05757137301993,1.13389390213004,1.00262427510104,0.453801595170409,0.39277006504328,0.51277451771329,0.868018202436955,1.20585394987418,0.919118181466397,0.792822953419532,1.08226390024763,0.986643531659598,1.01584212108175,1.29061290482455,1.03695399662123,1.22741670597599,1.4419043743935,1.51601005497244,1.3155555848095,1.08457220331974,1.23831896722278,1.13725708807005,1.07890679762364,1.1686951343554,0.773449621771177,0.889233007453755,0.655183158598165,1.04351862202983,0.41604269944559,0.0476124169924263,0.218324267876852,0.0724348004769877,-0.405526646230485
0.792690557204681,0.49254062585793,0.235762848765272,0.84012292630408,0.883003244018162,0.845912924391185,0.798513103857948,0.914141292369336,1.61792952374248,1.4624264130839,1.48921564531128,1.51323778922973,1.64790417108767,1.40382559162762,1.36483230814153,1.50983787497023,1.59399027849215,1.7303053449159,1.23548995196621,1.00919645468431,1.17950357092764,0.853108330324283,1.19041453401438,1.21352886618619,1.66180886555141,1.4178121261457,0.837587177026037,0.719004692530989,0.619832367293198,1.08220520755567,1.13671806257412,1.25885394041684,1.55744099910277,1.39783823088535,1.0772638016652,1.33348954131739,0.989407073008341,1.06421681198425,1.39205393450005,1.42833026011545,1.03053794838019,0.935994222816877,0.624016047949713,0.448003707150232,0.516171465137804,0.418993283690414,-0.0682644293746106,0.0353600205069136,-0.268652975968887,0.168165409264718
0.536115381293594,0.339631301366881,0.518328384459652,0.297503161764211,0.462738029884695,0.530178129304944,1.20611960383793,1.35551880266222,1.17667265367816,1.28862943125118,1.60039233675601,1.62598030012175,1.21206010432463,1.70551841472867,1.56953452568528,1.32690257104882,1.4763188885204,1.33039806030802,1.31502686790536,1.0858567616382,0.924714349254429,0.810542159362881,1.29976831735262,1.55084753099877,1.55206787516231,1.68370151019517,1.08866890868483,1.29380046555341,0.933367998393073,1.18580205805768,0.987460338632594,1.08630492516038,1.39873928708549,1.10046320168893,1.25364618448772,1.40477152040951,1.4133507426469,1.18433908043604,1.55376177004196,1.37306557364804,1.28852748222688,0.51963114075272,0.562703913112964,0.64107071329527,0.747885545985852,0.807127501480052,0.356098545794336,0.248067510092748,0.123721330699699,0.397319392912693
0.724676139481344,0.300663247761159,-0.09252072916829,0.362974605946536,0.0508555170115266,0.687746802178947,0.945452058234749,1.10454817668592,1.24371040553859,1.57340712588408,1.49618491466923,2.02323794706823,1.64694896435221,1.52190385287956,1.2988997592932,1.26946867444177,1.01791322354221,0.96805998958568,0.884976065752769,0.859213838591144,0.719660344966571,0.801798169629928,0.697248005017204,0.796373850032927,0.881541856896607,0.968337359316065,1.2501110863733,0.968045634717207,1.13614034678718,1.02360903784479,1.0204762670637,1.22425809836424,1.11388787599994,0.808543274740918,0.613513636091195,0.828478644306482,1.31135078756619,1.19797370936297,1.06437852289041,0.625426091852,1.02625979159304,0.918363258779333,0.435495329525166,0.472619531495429,0.704182645381296,0.938971978355183,0.451978016721309,0.371098087352817,0.496411242031442,0.513387029615457
1.18315622837145,0.6998827232231,0.502216022669212,0.313757311121018,0.625493351517429,0.758044659183366,0.696154669362044,1.01006192786204,1.25767978005713,1.31137036975046,1.62627495930246,2.18426375195901,1.94901353925642,1.81845652163854,1.24161313787068,1.22955043563045,0.959106274248439,0.853090547718989,1.02046820912315,0.796591819941872,0.898870645369298,0.969048129230772,0.430692537622153,0.66450221453233,0.594629613143812,0.823753502429347,1.11059433156667,0.672578236825185,0.903432681093341,0.833154273545829,0.71917610400453,0.984117245051368,0.896902794712878,0.797869222796416,0.576886328095846,0.571780041306431,0.913866222393927,0.728001763854513,1.20449699485276,0.664512022377078,0.462809225983829,0.403682381000675,0.611274013897567,0.226188602267465,0.225477347584018,0.785858181762622,0.847461906438534,0.602581202591291,0.549213714563218,0.233219683699023
1.43621547961973,0.470637874404128,0.642213847854897,0.447399634183508,0.635837550767089,0.645968884550911,0.83055650940917,0.968059672444988,1.1035596697782,1.14288204355304,1.63739441579291,2.18119174686306,1.89388561260681,1.90769029668922,1.09493187374012,0.751215126976347,1.04703965961031,1.2090624766038,1.05422916849035,0.982090759268363,0.960502958033076,1.1309384463741,0.973699055857482,0.981140492134886,1.10913269848855,1.227603976262,1.41288748673146,1.24029670640483,1.09930311630915,1.37005304554608,0.923966687010411,1.22659874961753,0.706318942712455,0.859514272698269,0.832608087684575,0.845585775454086,0.99351536478075,0.81241592145048,0.696449977918693,0.617844726454662,0.285324100544693,0.241635691150382,0.231800900599557,0.552025915806035,0.178320533835152,0.394058840635323,0.418741141775642,0.35195950184912,0.254657787139996,0.0508024257461322
1.74533967073415,0.545496002506218,0.865504265906583,0.754986229344787,0.101389943531658,0.312702535916285,0.611136713573476,0.745452932478968,0.921690048159358,1.11547989757093,1.69037657911268,1.77629318271227,1.55651012938251,1.38254020933019,1.63747190346851,1.0197325989078,0.844190106914306,1.15979261968735,1.67915358413948,1.08417540982885,1.62737685985387,1.52935760774702,1.32246395631994,1.05414848161619,1.32758609140019,1.18446664550394,1.78256679493149,1.47232169366565,1.18873601217254,1.66092272884652,1.28064441518451,0.887482287423587,0.880514431145553,1.07322631330775,1.16536977188176,1.20508038647665,1.17503910221854,1.16261759713473,0.523863151600375,0.664922590978135,0.102155918143776,-0.0363562371561504,0.26654404850944,0.31386998425296,0.343387062964073,0.0151488338814009,0.357720541690746,0.290999782169432,0.216207052682451,-0.0983821102357756
1.49951944678711,1.15994780278582,0.685885697398955,0.141306431937763,0.473999040386172,0.392342194632711,0.566248098576629,0.779587485392449,1.00962754576142,1.24735117625348,1.39066600306502,1.54314625125527,1.59526633686096,1.31392843108935,1.18854665899677,1.06751375305652,1.26771451024533,0.912503971899223,1.273075669661,1.07933340350484,1.46358663757752,1.42208978102928,1.34857341204693,1.53091802193604,1.58281622899439,1.54489507499206,1.58480465504288,1.35780618681729,1.25976918458438,1.15350061238314,1.31248494762683,1.15331081569932,1.12430421692991,1.40987929507856,1.37807297930489,1.53898664284427,1.33987788086854,1.40342283260621,1.19513391858136,0.789672145886932,0.758963946629162,0.462899318756971,0.318432225529926,0.379367749871355,0.0122455862890567,0.120036414440819,0.421825019882476,0.370268129804638,0.120216818733617,-0.181626921422106
0.925476902299636,0.919192892368559,0.693234938876122,1.02065907996731,1.04132349009807,0.723235419257544,0.854249115345316,1.16423334901974,1.51718628625409,1.39602377231756,1.60130453513323,1.7834630302887,1.47349091920138,0.913166087197522,0.948561115656778,1.07100930746729,1.07392251134354,1.28374751262128,1.12616029416817,1.05459183116783,0.849809449274071,1.45923828333613,1.64564099299353,1.7280655278879,1.25835134305049,1.23306671073577,1.26308802946584,1.76939386685819,1.4398719767386,0.8489546631556,1.1368493849212,1.29873745063267,1.43272195172076,1.65744592940577,1.26731322068511,1.35108146365576,1.95835108097578,1.74722222416253,1.35207007207115,1.01933189081311,0.656867568864313,0.640660819435109,0.337840195261378,0.150307629363631,0.365247375024906,0.0793986038998914,0.181511835127112,0.16561105530629,0.0702143811875954,0.12606165052671
0.745606168519216,0.710819702754675,1.04309933726588,1.1029304344509,1.32408176103422,1.01870187823206,1.33965965742028,0.943742607662082,1.40177568545702,1.59702913125108,1.75101720745513,1.55417506289922,1.70245878616516,1.03397454053293,0.787686092852919,0.872652761553983,0.842353965348315,1.16363919038801,1.19691472859724,0.955587956574358,0.385430448932213,0.611383399259399,0.853369868268974,1.48726473093792,1.57556813016439,1.46041132135906,1.35536723643472,1.57239684357929,1.52043894636511,1.34512099656552,1.27718019282658,1.71618384808664,1.73810654992714,1.66373817806695,1.78163777350935,1.52462331177091,1.8312331166873,1.62334460797593,1.21080718190707,0.877950205894107,0.799877962727954,0.719959998743118,0.721267804302116,0.757334346794958,0.371891031937998,0.400504256897032,0.291259529179663,0.231438228178478,0.197116029101515,0.138676069051942
0.720605133843874,0.884417395800818,0.63572889045674,1.05713973984477,1.25373224799363,1.35943001004998,1.16048421838274,1.17467530622812,1.01738241674921,1.4447729778809,1.62203098202925,1.12921436794885,1.38087044611362,1.04569230734849,0.960571745548607,1.01428907814375,1.14721507920897,1.44759058786292,1.27864074965171,0.699700239824263,0.437174213572034,0.410571689792518,0.853770138898241,1.4337770496535,1.52811583359815,1.75103532033372,1.68548363223814,1.54994892299531,1.36534135141322,1.68210631068462,1.5752706132488,1.47981105053837,1.70970838084211,1.97541141448882,1.95221609418892,2.1524891050386,1.50368455710143,1.11127487635468,0.987346475169303,1.18480475576748,0.986353289849072,0.894257781587244,0.53472607245194,0.385581780359798,0.412030058688117,0.451201134464868,0.218407254873652,0.305751044881854,0.637271575388296,0.197709606369468
0.473939696621157,0.773194115595591,0.739121840768131,0.969023549403673,1.37670173458699,1.34109728739193,1.38213191336261,0.982762929263952,0.832426011319788,0.828463228687262,1.15552012207613,1.20039183203443,1.18129931519451,0.771214658946661,1.05729746004009,1.02706412232012,0.820529009539447,0.741515594142833,0.909599544213586,0.701203015324971,0.583251613313245,0.584518848990895,1.11372174238748,1.244281975176,1.60378422319458,2.024469609476,1.80089772352776,1.5578919354343,1.48962766694681,1.82051316981361,1.44993386730207,1.82500381042452,1.72903124351278,2.04446094156768,2.27256895187397,2.08086603443293,1.61452902859131,1.12867269271373,0.897573920099356,0.742219212844376,1.12585726305445,0.621212079836845,0.349165299874568,0.320582177425074,0.539045880562934,0.165459432420313,-0.0172199228683414,0.448750799147768,0.282202343967071,0.125317974017069
0.396418191727911,0.699226564678352,0.78055998025797,1.02479047489222,0.831565373366098,1.30298959826624,1.14441013750674,0.977115763609229,1.11779587490374,1.09633574716492,0.994931188067663,1.25569701220283,0.942327378246831,0.900203253441806,0.889596596688594,1.15245016452792,0.740830793738123,0.693677515258959,0.625457800557259,0.649147275691864,0.407744282184785,0.555362092960986,0.830257830749969,1.72208017224032,1.61257761575828,1.31309370991703,1.39350430959755,1.32955899913832,1.32519598473545,1.47414719598745,1.16165923959399,1.34368260996905,1.84736516414785,1.88895922178731,2.08169847895658,1.94417141878124,1.30044251793018,1.41171421854268,0.735495232435311,0.742844398613865,1.11518806780696,0.683221037794101,0.486540021580668,0.455446108726553,0.490342075802891,0.279881648620389,0.312478379310507,0.697022752859646,0.724890616940868,0.49160878388345
0.344673805510242,0.522171814933641,0.657165491504293,0.725215454652772,0.871616016805634,0.876670289567596,0.935881777380217,0.840034734167457,1.2027983201502,1.06844713090677,0.819781501869719,0.889952859255868,0.934969422773275,1.0129455682389,1.35671731887691,1.1186514113653,0.795988202701623,0.410607010463238,0.737744468300769,0.630310388776947,0.329764180034265,0.595214685307155,0.445153829128913,0.891558550259794,1.09407399188865,0.820242533591217,1.12756825160941,1.02483272067015,1.05156601320346,1.24585892845043,1.2085133376172,1.22938823740315,1.76410515637006,1.96486496508863,1.72931647372823,1.66635286515852,1.47996670506379,1.28292848881619,0.972488980182076,1.02191890628308,1.00986029913201,0.577047048148517,0.456590687752061,0.469923728969306,0.45300308697655,0.719086860757592,0.940281267616854,0.393450661510336,0.78133829156376,0.539476544076945
0.501137715607103,0.673663898016372,0.430010720514519,0.476033324574255,0.859507262969821,0.613581042585074,0.733236162670648,0.564582365671713,0.984368715062385,1.20458081455494,1.02742900977463,0.365903206331412,1.04572404405674,1.10130431282764,1.26637544376515,0.852962809195499,0.707831429201389,0.474423372969328,0.627921130794945,0.525338152130219,0.480640765918556,0.767531931267608,0.506912903536482,0.819251307637192,0.742851779273687,0.999443803368257,1.14244177596922,0.801919810054767,0.896439647115646,1.09736937208432,0.884288592336599,1.11361334894065,1.49361236555816,1.5739834036572,1.71030046443851,1.59256490264643,1.65821361561094,1.28127933080603,1.0471517692122,1.46131930605776,0.86564468954522,1.03405762397935,0.893397551198091,0.974227604333855,0.801157223896883,0.987828217835215,0.683032035279729,0.426732877399483,0.344177160201673,0.244199798383164
0.0331078940702867,0.388877634540921,0.332914165210596,0.529997133126951,0.615629767676776,0.727042763061897,0.960862790801592,0.857277923193482,1.02851511436455,0.907584374935135,0.661583196008548,0.80300020382485,0.884729582247689,0.916544621630902,0.952334080451723,0.996388468844144,0.43536206723997,0.419045515344323,0.219882640568178,0.133792730864504,0.337415886636701,0.544580359415768,0.568742925717629,0.941249198056484,0.928563899567185,1.16918881082092,0.856944397420767,0.893811625529198,1.42961868253648,0.949326112642408,0.530709946685693,0.788065522040153,1.21215985148498,1.67822694160107,1.50908704139761,1.66693699835467,1.3354624429771,1.25834737076962,1.29480985159957,1.06798884246532,0.929078441432554,0.716581337107079,0.986817935686842,0.674348833822288,0.763784994363633,0.829555422144685,0.813340235726607,0.070500407492623,0.0737812964320949,0.185782841730685
-0.631921361919646,-0.148176398407516,0.152894739928206,0.328925140766324,0.735644877927366,0.555734854804449,0.77344339045438,0.982579443130772,0.722741076257526,0.796386643476847,0.799518355401398,0.834945062626153,0.833199553595751,1.03512192825659,0.830230911539141,0.801776912671267,0.443170228932345,0.0377372982531214,0.0764231638656,0.0837765628698725,0.308756158348602,0.33842226492348,0.77382531741006,0.815491463881094,0.881654876727713,0.825212836478715,0.764031170064058,1.00246016998632,0.84526095280633,0.807518323436548,0.635340972938745,0.665058312553263,0.963899918109669,1.20576700412966,1.27148829463875,1.33468776695267,1.41869968562999,1.19630104587641,0.875086165524595,0.628353961804977,0.392705009603937,0.868326662096362,0.889315696891848,0.534492568109701,0.536694598268972,0.491820191422136,0.670788054856535,-0.0606631824095748,-0.170332686601175,0.159357392767035
-0.951592400665988,-0.869578761728935,-0.253888855727463,0.259301079572723,0.299485559475723,0.605101684578841,0.526959328614824,0.371711845736452,0.425701730157126,0.414485655667111,0.450303157883652,0.746293396312422,1.11341699959528,1.21964568897697,0.778620323075906,0.395045611302418,0.226680585326835,-0.00656232845696376,-0.158777501740482,0.0605958889811879,0.33251159317701,0.681956017067172,0.902078902445081,0.988732575499447,0.463317972040258,0.479175761809304,0.620241509209003,0.536573883214038,1.04191512720591,1.04618721055802,0.771699589670339,0.882356409422991,1.01306704081333,0.955149700408457,0.883777709735979,1.13244585835123,0.861616768213869,0.74451454177902,0.598359918224137,0.989421075589857,0.388053920753031,0.523037967440547,1.04234812225195,0.633640224736191,0.251292203229911,0.309383240392392,0.151971948505041,-0.0205384855043482,-0.402684226974349,-0.0176069802851671
-0.737163519686755,-0.571978887841724,-0.116397080629109,-0.131279409247293,0.00835690122742243,0.0563941358383748,0.400791069234451,0.528437283667865,0.672884988755393,0.685270682430946,0.681765103921311,0.386052758554677,0.972185890388834,1.06437126398064,1.3391994031756,0.641066022646019,0.184176626306944,-0.203684527925531,-0.4715317091185,0.334437438052817,0.463335630423563,0.342527902802709,0.490278548799338,0.736167845192908,0.220599197904556,-0.0521521872994166,0.305810714092079,0.780768068388324,1.25588670564736,1.28624679235823,1.1658121661439,1.15605602057585,1.06270176481517,1.16306618185321,1.63403841551879,1.57708081277298,1.05408987936784,0.926798003219384,0.635814077614964,0.708260944550479,0.202337629818048,0.294338153318402,0.520665560777209,0.969634105422523,0.530604204807388,0.0505835869573065,-0.0445078113032129,-0.245872811278031,-0.0148470471660962,0.435454587134015
-0.379180100824384,-0.702090807547344,-0.763993349296941,-0.316357442390179,-0.0792829527437949,0.0134526363691326,0.296123781260089,0.432798238156825,0.839359680440419,0.949879715315051,0.663553309856481,0.580385444472818,0.86828981607098,0.622509786860927,1.01768043824702,0.35209572793332,0.3029191329125,-0.135262474273049,-0.11771399132805,0.232343489030919,-0.181332620662946,0.112422087960781,0.205439145416249,0.481535899040379,0.0802579370966199,0.232519337432829,0.36527131132332,0.592405144842243,1.13708766517597,1.27179787123285,1.17726151515418,1.02446364839186,1.07435901219972,1.00432246933933,1.49276898190764,1.54801815368904,1.48072122547558,0.940967451168482,0.875266879121132,0.492425246633947,0.425027133615665,-0.221288252609152,0.0521417112464564,0.280381822719101,0.596560309255082,0.179549757678431,0.0115746500240703,-0.282385158835006,-0.194245232944542,0.195908272646167
-0.116422403024195,-0.615895895827105,-0.332582089739413,-0.072285333522394,0.0914583898358683,0.202316215584985,0.278421770357823,0.533509352217611,0.809769817071736,0.696640421702116,0.527912213528781,0.868071744137954,0.642631381194469,0.586920087195249,0.611216786394979,0.492227926656443,0.0595533597000869,0.0842836245268601,-0.057629005883591,0.193108089316024,0.0639267538791931,0.217282208926415,0.505716765117496,0.65573881264728,0.115419369416375,0.276577532223268,0.584645434079156,0.732340936237408,1.18195885512725,1.20904629828097,0.966105227660027,0.914088324987779,0.844620010682711,1.05522259556802,1.11382075985067,1.41645404182803,1.54217464629114,0.862547659501581,0.870894290562556,0.521920937800374,0.466605801699481,0.41912894917089,0.254886178515175,0.266384653594737,0.241835471184116,0.00667714292677648,0.231128027464732,0.00213453388811212,-0.385613846084047,-0.0396442972989151
0.277857064684468,-0.247406401613608,-0.114404397019033,-0.373099232703966,0.00064319391915683,0.0227075566369907,0.515333437309887,0.496629729272237,0.374415401478172,0.388017975774667,0.110164081575595,0.362960647780392,0.559333131309909,0.40313194016115,0.363048306907611,0.0434036596732179,-0.0939791154031154,0.0707573111916419,0.0595016112905594,-0.141046309937962,-0.108637147716116,0.101668426003858,0.586617468876163,0.444254502879301,0.105811804682145,0.344597165372013,0.380406718834749,0.968864198381537,1.1930546440467,1.08404972360983,0.877748081201299,0.837470982387556,0.766157921321035,0.503496943031918,0.9697991355111,0.79598625530152,1.27236673731978,1.11051341658227,0.822124370368699,0.566744882088719,0.664751748727888,0.338788475198861,0.0316656851484461,0.214676547102683,0.421538386764655,-0.147730677533554,0.0845584241464699,-0.196871324703815,0.00821308216594613,-0.121053191853649
0.195853148077339,-0.378692260554959,-0.512067050325055,-0.365815969963564,-0.289742426576564,-0.287258580439605,0.0544359688667057,0.302557882781737,0.172463032178991,0.204647320260445,-0.330229457873225,0.489414920248682,0.304471588841006,0.301570822559954,0.175119267479653,0.0283716625423975,-0.0443871146177176,-0.00532767619031408,-0.396409692881785,-0.375703937225683,-0.141898964554408,-0.242356582864453,0.079583023300158,0.523282752351894,0.533672027441242,0.251110539709836,0.641014079947617,1.03725880219777,1.27072081382832,1.11606004872359,1.12985416194204,1.07036221549591,0.686495982241176,0.627581548393268,0.76615895106777,0.768160394369189,1.08447940534739,1.14530384838611,0.888705671908456,0.59659826636364,0.625051637456482,0.220804637020176,0.353652595234594,0.229764699025092,0.205531894317277,-0.237502832623897,-0.272203749172211,-0.280126382628149,-0.139262324028055,0.041095536834332
0.0699435441982652,-0.572245982665196,-0.496402552268926,-0.37486329661076,-0.0799703676378818,0.0940116067181396,0.267330139601907,0.564125337374973,0.0597081567636959,-0.10785414570723,0.10159748369136,0.259390556816056,-0.0563790026217895,-0.176376066595684,0.0739940241081456,-0.279989546945592,0.0110339517070005,-0.0490269867612999,-0.443739544052903,-0.360387425700741,-0.305121753452989,-0.216129280851644,-0.100313301479207,0.422369331078504,0.230484337355646,0.00181211028050546,0.200453520436385,0.746254142575647,0.947611465904891,1.2310917359526,1.04590726654964,0.963251028057433,1.01485853427489,0.699828101962536,0.784899446602835,0.586175686062389,0.765851452465092,0.888230837587289,0.830133787279883,0.993245179423338,0.160006819938545,0.421149536421883,0.16637654641466,0.58681860691021,0.390866765564312,-0.124350296916463,-0.246716096089541,0.15230236478417,-0.120641889829388,-0.409866039853981
0.332572246682428,-0.342305326641098,-0.300329268715151,-0.434435361118047,-0.259988441490845,-0.136872921866901,0.591676779922344,0.642131183541488,-0.0188608132424533,-0.398395353297117,-0.111608598199031,0.118267038016988,-0.192015280762376,-0.511012816532748,-0.163783297228748,-0.177519961317131,-0.351177338975319,-0.445446820248363,-0.427578770629889,-0.665511508000016,-0.299883564878237,-0.466742768817909,0.150300291352798,-0.197270564679338,-0.260903363733779,-0.417763620278398,0.130114409639686,0.403835194688712,0.793609150678503,0.814717479174083,0.769544969572824,0.969622245115648,0.772032495085632,0.829968608687819,0.578245212331071,0.175453683492231,0.270635050501105,0.762053231763865,0.627233498489611,0.74651053777868,0.40087195501796,0.195672041986883,0.366265470824176,0.323420079060865,0.358548531812477,0.271028599081028,0.474257134945465,0.381358544660377,0.186007829395381,0.127220107650022
0.693342167888386,-0.388894191459473,-0.177646984244584,-0.294757349242838,-0.383146794087459,-0.000118298141335777,0.10721497324101,0.356255035149977,0.0656777086754958,-0.192974185175204,-0.312684627073459,-0.472741137815984,-0.403519909215974,-0.74093825492073,-0.498342220768647,-0.328994019703802,-0.616764070451942,-0.58267524944491,-0.465353769337565,-0.162978394778672,-0.558437687364674,-0.504994815550413,-0.297240290060964,-0.330287671945342,-0.373535463086639,-0.424755802818281,-0.0621980508822083,-0.0833567707258583,0.546583568425112,0.742575080914596,0.659643949614862,0.550272674551808,0.630347566700203,0.824280486866595,0.442767565110558,0.283141841985101,0.198914508525412,0.81251306036607,0.73327864993672,0.554198757066031,0.468074208737207,0.0861337645864452,0.206719533112346,0.00234658454689354,0.63757072664952,0.394906531606924,0.392799269759497,0.390227266986499,0.0221319635725986,0.136177414436918
0.403911038066532,0.0512802252474733,0.153449759709265,-0.0311805233596896,-0.27800283475751,0.379779191323249,-0.326304054641464,0.0436293540080349,0.126993767091008,-0.168415775367849,-0.338717619787486,-0.642971731545467,-0.535255348302268,-0.472725211569114,-0.558808039270253,-0.389692678607496,-0.722050474470036,-0.676996576552172,-0.331940100391306,-0.0299233984639232,-0.219744891135943,-0.227336533036923,-0.0577294963746155,0.110298435442793,-0.367613109248868,-0.0601753041957375,0.226080019796106,-0.33256250339635,0.145722011566439,0.146547747470456,0.173510270980508,0.199469241422721,0.422850198441998,0.56721654459577,-0.100309669411843,-0.0488941525931567,-0.030026596150537,0.434557066833761,0.316611070478985,0.428452061466088,0.3241328871593,-0.00153036412368033,-0.0276481194931598,-0.0906250245840746,0.17793307444742,0.271060895619637,0.468445040408456,0.226555363718031,0.194399405817273,0.136200213222587
0.0376570810734242,-0.135602802673091,0.149838751685792,-0.213775785796695,0.0270566960500494,-0.0477007553425724,-0.0730488012884077,-0.290912536444304,-0.147957455445607,0.0646738632246357,-0.523973018894381,-0.872335210465348,-0.877848271939051,-0.4578241580059,-0.607644939037268,-0.512943498338428,-1.01323607612941,-0.784962744218974,-0.750314119831638,-0.25838810978174,-0.399725004963081,0.126482778760842,0.160273381198405,0.140372869569615,0.0313639108165002,0.220388084753315,0.277468993178344,-0.198189951908978,0.112396464424813,-0.0448771152481091,0.203312999259132,0.326496003513922,0.792850163626061,0.337137014741359,0.167805259573355,0.0753752221472592,-0.650920116633654,-0.1876951035215,0.30045264286507,-0.0261716074195493,0.0262774158460217,-0.144100925909579,0.16139071363059,0.0229292629124991,-0.00279337331106272,0.0527907225020062,0.394915246920225,0.457979174027796,0.374872177649484,0.392587093174361
0.274285747473045,-0.0706619074120986,0.0135115661920055,-0.325157092322039,-0.114311543860346,-0.117563826331927,-0.241882227336122,-0.470684679799206,-0.247172384436916,-0.603476822000069,-0.925929470324692,-0.709199997309979,-0.817910039293573,-0.867389396770586,-0.914514233165331,-0.912968493371387,-0.980869389270777,-0.518982432306646,-0.626357617114594,0.0408973239939707,-0.37033491771244,0.0337693903032155,0.19864200525355,-0.0127132031671975,0.294241040763314,0.0493280613341092,-0.0822591664373847,-0.0994088231902211,0.24566629096866,-0.241178765883036,0.152566135340816,0.192541438099624,0.353366841084354,-0.0865439031634402,0.00454256518054149,-0.0704255148492179,-0.3897240451085,-0.732861921178924,-0.647868255600336,-0.559777316803445,-0.35693868046999,0.0162423981598712,0.147791987975453,-0.207251324209203,0.159050590577395,0.250831672524376,0.601451592677128,0.76579250058118,0.633060950910509,0.333473588598608
0.420043373371096,0.0460702808218806,-0.407113309374047,0.0322929559629277,-0.154229588819564,-0.15785516711488,-0.158436099780847,-0.293964456186467,-0.275082829228736,-0.68446911714862,-0.843256618013182,-1.25536307391851,-0.981330838962362,-1.1032484802802,-1.03778326786529,-1.1993147634632,-0.848057113297742,-0.560799940641317,-0.426111991607954,-0.159614991524076,-0.116783153200812,0.0304449208115272,0.000330357144442563,0.220090244840503,-0.193966550807797,0.0447042536325011,-0.222166280044739,0.0659534925098091,0.341663704284745,0.201845166781476,0.124394385121774,0.355193060835007,0.269635740246475,-0.0458962610362295,-0.144288859686663,-0.316444902261713,-0.51124189379068,-0.943990355741919,-0.771231682021124,-0.753253295391354,-0.245585751203298,-0.131228326418817,-0.0408440561567652,0.0396109978428587,0.50716403283752,0.391826369946377,0.598873225800046,0.709882546823103,0.685000370882392,0.34161395859818
0.139933336883131,-0.0224261856801652,-0.42748107533464,-0.444138408874506,-0.0979718055143791,-0.414260240085248,0.0474072302602118,-0.436390067017888,-0.650302865123354,-0.858904591007001,-1.01337292160242,-1.03805613868912,-1.32759686226618,-1.24621273534811,-1.51707487453354,-1.20094683333228,-0.961562701873563,-0.422945477677401,0.0247460958554727,-0.0150117145328093,0.0947386929202467,-0.184006331149019,-0.0313299817471204,0.0744906967862356,-0.0239423435345587,-0.177462000035992,0.234974379656182,0.212461474867856,-0.138182501930272,-0.223732553350012,-0.509225837771638,-0.173015313931637,0.00531888952676031,0.196971312818663,-0.225200107291228,-0.410762911990923,-0.453545316115185,-0.634737824608564,-1.03671072801321,-0.926066397869591,-0.587760608995022,-0.480644943338707,-0.169094821350482,-0.0999698264833834,0.269493736710133,-0.174898451727662,0.281794236945482,0.392123985664972,0.103456451273997,0.218824319228616
0.0661990056376133,-0.224144608393854,-0.233738040861474,-0.381962115727592,-0.359035313127507,-0.51756579900313,-0.368159497842683,-0.75811058423911,-0.989398777590327,-1.0878966481825,-0.982657504237994,-0.787832042576043,-1.40554555939557,-1.10752688733108,-1.00260208156195,-1.57400110230752,-1.32556634707744,-0.639779953240862,0.108575039851895,-0.00483903546293923,-0.473803563423729,-0.206070984801652,0.506449734513136,0.0599841495277905,-0.448258963547604,-0.244403380900762,0.218776052979728,0.0223806602852986,-0.0526943092729738,-0.242045257265974,-0.388590817939926,-0.443811042545955,-0.132825852285722,-0.131894350039539,-0.15587127835079,-0.108801007444286,-0.400788600960794,-0.413641071988974,-0.546537727782788,-0.985539573894344,-0.638796772829442,-0.3517399705264,-0.466209479119968,-0.168182498810025,-0.236176332317869,0.00216257259689093,0.351025558453133,0.36524041676729,0.23129246792787,0.329298137561935
0.441798466803735,0.0305534617783989,-0.00334821522362405,-0.2054352538595,-0.576541035583157,-0.704014956392866,-0.601174400346947,-0.436859467275796,-1.12864786682886,-1.13088405087997,-1.1093351746996,-0.813086613502287,-0.787744350643017,-0.805411048341524,-1.08243253244123,-1.20496238390153,-0.542309362544647,-0.432974820254192,-0.118699480735178,-0.519912996178388,-0.0373389775336253,-0.0736781614147779,0.0191728981112068,0.0994810901038824,-0.333510149205973,-0.470837262216024,-0.459721566245572,-0.160113538799056,-0.238034836871542,-0.651313050019827,-0.544850816219916,-0.577040067748595,-0.421057000346721,-0.182981427837435,-0.223572034087723,-0.313903803333257,-0.282345875672827,-0.487666678084458,-0.479292654125749,-0.617798681640251,-0.269914961363129,-0.574416008843208,-0.307449447659569,-0.00233702081896076,-0.00803283490719678,0.0210720025575486,-0.21920949925782,0.108198662772346,-0.00140887580018578,0.0142861003869624
0.259547860954152,0.00895335932230256,-0.0161514438291859,-0.25194727067859,-0.679382338416752,-0.865367761296643,-0.543351784192443,-0.474038148458371,-0.668479857475401,-0.7919202430253,-0.786277758198783,-0.816350123389533,-1.03797506866604,-1.0747107516547,-1.11633093727473,-1.16473094326333,-0.926521032911067,-0.279302021093869,-0.333497652704172,-0.314268552836363,-0.246369986312179,-0.637659457240463,-0.202292838177718,-0.0892198600862642,-0.053184299532233,0.247475388822182,-0.186179885137005,-0.339355443780788,-0.385146778176453,-0.844046321481853,-0.763584594176631,-0.674844416484441,-0.737890964632944,-0.573267732696425,-0.536005328393881,-0.480135697054283,-0.760535303409602,-0.631149142399396,-0.517730413994559,-0.496277148220208,-0.381135909409058,-0.418065677975796,-0.526270505832788,-0.622200570086251,-0.102013085369118,-0.374787160478558,-0.33723291820673,-0.457753051232404,0.10858159986519,-0.159360168920768
0.899718484205807,0.0613617244189355,-0.488802281746298,-0.446703363141586,-0.76222849795471,-0.678557472556296,-0.177361893136082,-0.551937631750771,-0.568902707543037,-0.95873138283161,-0.795123892910279,-0.838040420225512,-0.903195866117727,-1.24515700426355,-1.25775694366367,-1.41534002687983,-1.13046610436852,-0.896318367911357,-0.759627322314152,-0.682099951109553,-0.497441353630913,-0.280372543867889,-0.555009310072485,-0.277218883223001,-0.173162244948296,0.167532220352344,-0.408763612633705,-0.512144361945412,-0.881056351412673,-0.954253848187721,-1.15032438990929,-1.11250820107264,-0.817201872083792,-0.466681482737557,-0.604441349571267,-0.571680429721958,-0.665806318724372,-0.829305409590464,-1.12363522701059,-1.02012857839619,-0.934772395399524,-1.16419197046512,-0.960235527192937,-0.40506221839301,-0.544563528721803,0.0668442100156112,-0.287933204330748,-0.402991677808547,0.0886193054282507,0.0165509994178914
1.10574006739859,0.449519246732977,0.0429176282106697,-0.367860594842494,-0.395172625915096,-0.970220700909515,-0.859027522188153,-0.541704809148882,-0.827356935108109,-0.954359800979763,-0.471907514209639,-0.912244815023302,-0.850896004595908,-1.28291330341109,-1.28175483031594,-1.2234949272588,-1.0894784167195,-1.08973934473655,-1.18244370438686,-0.94018268331618,-0.675425733716352,-0.373681377203343,-0.610925771330173,-0.612885790922161,-0.168636559551165,0.063822422408422,-0.534108804928908,-0.520051209174333,-0.892192828417439,-1.23946817631156,-1.62125768133891,-1.25848150183841,-1.33818003686985,-1.11151255648365,-0.90360809058547,-1.0887028294261,-1.05381510766344,-0.924899845008725,-1.08740574701938,-1.45683309389162,-1.18437383333986,-1.19710318860248,-1.0241305017628,-0.711960006205252,-0.303830941457424,0.363337336961514,0.0548936320502036,0.0969519661398305,0.645724116063803,0.26109680463423
1.02546883256956,0.252844989407458,0.0668029409849395,0.0781916421668488,-0.0809355773090554,-0.471965311950683,-0.709844690586319,-0.169910464452652,-0.864687829024503,-0.616871234535798,-0.0525472259487908,-0.408077908283448,-0.739763023536389,-1.19038335316099,-1.16311041408159,-1.33946474675699,-1.32752220858513,-0.839081303713381,-0.647811686819548,-0.663420558664732,-0.75706672505526,-0.510088138980321,-0.63437971238049,-0.582795960376073,-0.40015039502904,-0.181264162159643,-0.701234985726521,-0.735394973797597,-0.972956716704689,-1.19817642538388,-1.86488136821525,-1.68939450276985,-1.69211096670836,-1.49876486629372,-1.29810726855437,-1.10969707629098,-1.37029773940073,-1.1690668510557,-1.50894193232977,-1.66049793200727,-1.55948607586996,-1.42621187683917,-1.20836433542838,-1.23482593054846,-0.968434220757159,-0.408876571012659,-0.175028433184272,0.383672362448509,0.785419320378331,0.549544661464357
1.00043595026654,0.218877626546284,0.0831722593566739,-0.136616176803009,-0.0790158557334039,-0.736556433725605,-0.548108130284558,-0.400979298681377,-0.836496653385662,-0.361920356978254,-0.131720907744257,-0.626893089704664,-0.963412883298011,-0.900619553475841,-0.75850834157407,-1.12482116290198,-0.486003604187933,-0.648795852654611,-0.485959337741121,-0.615763964520593,-0.372358714909118,-0.407939663314739,-0.508839499270739,-0.307938696604791,-0.333257181661379,-0.361285517135365,-0.583403927882505,-0.973077888503241,-1.00236309000084,-0.872015146798008,-1.9441040397268,-1.88883084958013,-2.32478326671321,-1.838548380491,-1.51460555929891,-1.58970512072847,-1.71218927657592,-1.4699991476393,-1.42483886526753,-1.78789471295201,-1.7571433875613,-1.39456777637892,-1.02863616919555,-0.827372928067059,-0.933884067123609,-0.33014998164045,-0.329351511778168,0.293559768000568,0.877269793314501,0.232200649265077
0.996377007574161,0.322322220428276,0.00967667275070785,-0.631828694161277,-0.0856653017061105,-0.243202500669604,-0.786421977865136,-0.82626945008954,-0.541546006221295,-0.810256225876086,-0.672543330822108,-0.373335709763452,-0.701623190026255,-0.892598096326733,-0.690145245671999,-0.596382354930919,-0.170060060211609,-0.122010613046112,-0.510343133583825,-0.243328438294521,-0.405453885185478,-0.173545307626352,-0.595213679297482,-0.528048638497117,-0.614053156616412,-0.350985325819541,-0.708935192993412,-1.09462110672451,-1.34876635276525,-1.66186754147057,-1.74568521230254,-1.75409456989118,-1.73798737509533,-1.53066154742839,-1.40205204805206,-1.60225806788531,-1.95636237873713,-1.64873189826776,-1.55326864990077,-1.7888532628559,-1.52870837246851,-1.42638726104989,-1.1438373777433,-1.06526161288648,-0.502543239237868,-0.369622811066299,-0.0773366018648084,0.277012601540422,0.488956597462924,0.140971756653172
0.813272832094276,0.586865880391332,-0.404188839319337,-0.2697256854655,-0.432116122194672,-0.39324450264205,-0.764573871993335,-0.598554389520982,-0.85248167215748,-0.853865841830412,-0.801902085241951,-0.382883178513471,-0.973818948998517,-0.754444890395926,-0.57680971487841,-0.236429048335614,-0.389935847055141,-0.263585730172504,-0.3506438909139,-0.459011771840764,-0.24456168318096,-0.456692170869388,-0.824132227669061,-0.696150368249361,-1.00519231074629,-0.668060657070647,-0.878382156138045,-1.02351789139968,-1.1108538347898,-1.53263141331176,-1.74366986872111,-1.77462807176938,-1.56753898599166,-1.0229550493606,-1.26905303157798,-1.58759352569824,-1.34838067786158,-1.22039875457706,-1.25534496639118,-1.72292162272973,-1.43709327591834,-1.1309654168467,-0.776128043035307,-1.04730281518735,-0.634405879742131,-0.263507500744841,-0.159722427693412,0.122630869757164,-0.079267179373685,-0.0851938805016092
0.504919556787534,0.638125874966701,-0.327772761298023,-0.365524826215537,-0.362597245451961,-0.505112043029126,-0.383000830246294,-0.47185676147581,-0.49434723991081,-0.81409771503521,-1.14757995245226,-1.04188128828916,-0.946834870873159,-0.946931817582418,-0.32072445904222,-0.298618186835306,-0.0812391936794283,-0.0909536441031053,-0.176323870407337,-0.456869306467778,-0.355985003281966,-0.419516399230344,-0.776781734901884,-0.889221049012719,-0.803034167841841,-1.02285254050342,-0.973751053272856,-0.877520661332159,-0.947544042543888,-1.11204000481866,-1.2356155242531,-1.18772604969861,-1.1964926750603,-0.967964311744648,-1.63966145337557,-1.11610337369707,-1.36831178209275,-0.969145388269642,-1.00995242125064,-0.878663039443024,-1.35523172688838,-1.13457343425621,-0.80074076213234,-0.86192045748125,-0.317066956204567,-0.188160744063002,0.0344821796054924,0.331114922605151,0.269187882911852,0.0421379017890709
0.0194520926795241,0.117306243961349,0.0114945860482987,-0.372413055459498,-0.434733356386277,-0.391830693339148,-0.309317219889985,-0.258721170127134,-0.538135476001436,-0.55424099055467,-1.10827022214899,-0.888093417239251,-1.10355582669708,-0.745394978893808,-0.500600300748498,0.0378899896449012,0.0458564625038284,-0.165869456257949,-0.209204805746079,-0.357477183477013,-0.500728524580967,-0.533075977613309,-0.782187766892668,-0.742188646109182,-0.962463176222498,-1.04257086880768,-1.12453102740896,-0.908149135504686,-0.854757373560184,-0.856227018781135,-0.76555144830166,-0.667022863782684,-0.789448760372211,-0.768234576316024,-1.08430999678517,-1.19176186927299,-1.6690092578559,-1.45518005067369,-1.09677987051516,-1.0631942815327,-1.04482702883055,-0.634215414348363,-0.998317384788069,-1.03937647930829,-0.444403835995616,-0.0202385304755962,-0.0925273201207737,-0.0212253087904558,-0.330899660299763,0.118901311406936
-0.188073384864045,-0.0281745434139531,0.230022638568511,-0.0655521662211698,-0.160336582293561,-0.162974027205368,-0.162503560142847,-0.620715944712531,-0.613436446161104,-0.797400859631653,-0.516330078817927,-0.816759525311155,-0.661998727294186,-0.475592386374658,0.0882964439904121,0.427730425177223,0.0645824542700473,0.224965330909925,0.212605329362994,0.296088449312798,-0.297218386909274,-0.509684240972751,-0.55016634772732,-1.00800018182713,-0.928870186216785,-1.01885724475154,-1.0619551076381,-0.768537116170069,-0.969825722291573,-1.03552043303835,-1.07025854622431,-0.648313419667533,-0.554850331865338,-0.678452233880048,-1.10946366747825,-1.12026561146104,-1.66526075645833,-1.59032927582019,-1.312201516415,-1.36473152634973,-1.21095273738129,-0.688968708885126,-0.604462764809312,-0.560724137133457,-0.456263030658711,0.0428713773425912,-0.07523283200219,-0.419128081391563,-0.293559157385554,-0.137001287356333
0.06326571676954,0.0686113126971873,0.0928022073613216,-0.112300657956555,-0.130622513592785,-0.107983830190259,-0.167643286571011,-0.493880753493521,-0.628143630094888,-0.403545631343842,-0.601016790354469,-0.603049962211096,-0.241501188553022,-0.28025506006866,0.581589805453986,0.0954131123248274,-0.113622314543695,0.153507999929875,0.209023825237359,0.24255851344988,0.0957647257863615,-0.0244753501367117,-0.361744667345961,-0.295044873244842,-0.367161093331524,-0.549723325635545,-0.732798713318857,-0.711612128554239,-0.999466127806822,-0.894676694359927,-0.6139014162518,-0.528482567775474,-0.571136638683688,-0.40396043730858,-0.686599861948849,-1.12841246091992,-1.30567677161095,-1.64704205938981,-1.21528034980977,-1.59385754091179,-1.23229538846376,-0.973156208967787,-0.688814398486492,-0.410505671754951,-0.0502346835435469,-0.00425825274854063,-0.290947203169191,-0.144900095513499,-0.703948131062503,-0.0279892295210477
-0.0597367564812795,0.403941780496931,0.147745934970203,-0.254604497051325,-0.123455322696867,-0.00988922720503453,0.0755728433424425,0.0664939080846338,-0.190462992604015,0.155707829269966,-0.0302008915122241,-0.0153196658859704,-0.291482941262711,0.170419955051473,0.530856337025169,0.206937807390401,0.159744012352827,0.386544361281803,0.347153120531074,0.497051367898385,0.348391348140165,0.320742184816237,-0.512287539957461,-0.621181548530902,-0.412524124094693,-0.309438725608447,-0.511888096934307,-0.450360503350434,-0.307511174084195,-0.608912593857926,-0.603547645026858,-0.534418991588868,-0.516114750444339,-0.303054262328379,-0.207846283418213,-1.01113952171772,-1.25237778566696,-0.983487856890009,-1.22799503739742,-1.16266220904355,-0.667249401634229,-0.633461769296634,-0.278142019587097,-0.374648146974433,-0.0254199692110344,-0.290511867077107,-0.631764490681803,-0.629327649139467,-0.257997600247909,-0.357701966860641
-0.176941832568265,0.3906062282454,-0.0347933801073354,0.239833897237869,0.130553690052499,0.542752980263442,0.498683757384283,0.370328824951675,0.285463894403447,0.185793518690985,0.236437233212067,-0.153967312403416,0.208949107348089,0.224283173503728,0.353950136340684,0.365217885622275,0.320643332717511,0.766455163921775,0.323332311851478,0.438176641197236,0.486039252986815,0.33755995693717,-0.196456202589817,-0.469039762006424,-0.403763726521059,-0.131525258199003,-0.162149229869844,-0.267690956618927,-0.0791177992026129,-0.491807627530897,-0.529941061818889,-0.560507932886772,-0.129894480155395,-0.233358691930473,-0.320559517600173,-0.563976508266469,-0.772998384862981,-0.869847875119246,-1.16854740708888,-1.12723739419371,-0.788928844139654,-0.90707977040168,-0.347204823465651,-0.201408195959221,-0.393468291016057,-0.287011418943492,-0.462080116463178,-0.348338119538116,-0.329196348250085,0.0208743577174224
-0.311087808587932,-0.157726304724841,0.133858445816138,0.298166919642154,0.552144057782317,0.527348387408008,0.557387232706474,0.730997293833287,0.808379216315867,0.593591257503796,0.413704517352206,0.323854866890351,0.131911776684353,0.352787310179398,0.00565802389176429,0.165110313366545,0.319126276268725,0.509657007711121,0.97839242432378,0.477596694996377,-0.00215951360196394,-0.0823305538326568,-0.380434121444608,-0.232843165482872,-0.279179541971251,-0.0754146543709428,-0.626157974772275,-0.340282392633299,-0.329775751449695,-0.394265758792989,-0.655552605420937,-0.556070804375793,-0.591390294144024,-0.247077276151339,-0.100975834273764,-0.631893080254448,-0.87999980101198,-1.17405755251384,-1.00736986724614,-1.23428897743196,-1.43686297373697,-1.10260571199258,-0.836104961032492,-0.472058588226638,-0.398142177910181,-0.283311318149437,-0.21337597432168,-0.242058365177684,-0.192797640229188,0.113175543019183
0.149617306461692,-0.272601666717929,0.494023693150093,0.363772916832515,0.780458654743529,0.736997047065819,1.27480572066823,0.720387583144736,0.659954206834468,0.506415204848839,0.264244019583047,0.201202910779319,0.35904169000495,0.349090735807906,0.136131496781421,0.535846907665901,0.496428793966622,0.273191425553754,0.467713489140265,0.0567266850702391,-0.274292008960466,-0.351644787535009,-0.54742118538617,-0.326855185208295,-0.514315276010127,-0.688926931996809,-0.90781661471905,-0.449983870496671,-0.520547482406107,-0.468223543524171,-0.590234610661498,-0.751077242613096,-0.660211353266871,-0.472452656913851,-0.275576087455268,-0.607371583052756,-0.913507977331147,-0.941691883718287,-0.986797982063322,-0.917515869361363,-1.09434220119638,-0.868757329048531,-0.797917201500235,-0.59874286162281,-0.588630600527612,-0.418976823093182,-0.323246914307085,-0.206556608448809,-0.302294914711538,0.18653373193381
